{
  "model_name": "regression_monthly",
  "model_type": "XGBRegressor",
  "created_at": "2025-11-28T20:33:22.222499",
  "features": [
    "anio",
    "mes",
    "trimestre",
    "mes_sin",
    "mes_cos",
    "n_dias_laborales",
    "n_fines_de_semana",
    "n_festivos",
    "es_fin_ano",
    "codigo_municipio",
    "area_km2",
    "densidad_poblacional",
    "n_centros_poblados",
    "poblacion_total",
    "proporcion_menores",
    "proporcion_adultos",
    "proporcion_adolescentes",
    "lag_1",
    "lag_3",
    "lag_12",
    "roll_mean_3",
    "roll_mean_12",
    "roll_std_3",
    "roll_std_12",
    "pct_change_1",
    "pct_change_3",
    "pct_change_12"
  ],
  "target": "total_delitos",
  "best_params": {
    "colsample_bytree": 0.9452413703502374,
    "gamma": 0.31164906341377896,
    "learning_rate": 0.10926940745579475,
    "max_depth": 9,
    "min_child_weight": 7,
    "n_estimators": 111,
    "reg_alpha": 0.32518332202674705,
    "reg_lambda": 0.7296061783380641,
    "subsample": 0.8550229885420852
  },
  "metrics": {
    "MAE": 2.1668732225665583,
    "RMSE": 11.032127034913428,
    "R2": 0.993952967171345,
    "MAPE": 5.565615707693141
  },
  "train_samples": 9657,
  "test_samples": 2339,
  "year_split": 2023,
  "feature_importance": {
    "es_fin_ano": 0.0,
    "area_km2": 5.821881586598465e-06,
    "n_centros_poblados": 1.0654725883796345e-05,
    "proporcion_adolescentes": 1.9314556993776932e-05,
    "mes_sin": 1.9582150343921967e-05,
    "mes_cos": 2.1835403458680958e-05,
    "proporcion_menores": 2.4260561986011453e-05,
    "n_festivos": 3.4209406294394284e-05,
    "mes": 3.838572229142301e-05,
    "roll_std_12": 4.447919855010696e-05,
    "proporcion_adultos": 6.540599133586511e-05,
    "roll_std_3": 7.88134420872666e-05,
    "lag_3": 8.6835068941582e-05,
    "densidad_poblacional": 9.297760698245838e-05,
    "lag_12": 9.971291001420468e-05,
    "poblacion_total": 0.00015052520029712468,
    "pct_change_12": 0.0002087918110191822,
    "pct_change_1": 0.0002966119791381061,
    "pct_change_3": 0.00039714149897918105,
    "anio": 0.0005803300882689655,
    "n_fines_de_semana": 0.0014915347564965487,
    "trimestre": 0.0018818910466507077,
    "lag_1": 0.0025961536448448896,
    "roll_mean_12": 0.008163658902049065,
    "n_dias_laborales": 0.024652699008584023,
    "roll_mean_3": 0.045601069927215576,
    "codigo_municipio": 0.9133372902870178
  }
}